{
  "entity": {
    "type": "movement",
    "name": "cdu"
  },
  "category_scores": {
    "economic": 0.5074149454344207,
    "social": 0.5025723149455178,
    "ecological": 0.5090608522759329,
    "governance": 0.5035421325776503
  },
  "top_terms": {
    "economic": [
      [
        "investition",
        0.5366604589962962
      ],
      [
        "arbeit",
        0.5297283385055733
      ],
      [
        "umverteilung",
        0.5275417883644827
      ],
      [
        "sozialstaat",
        0.5269066926626551
      ],
      [
        "wohlfahrt",
        0.5223895112237232
      ]
    ],
    "social": [
      [
        "bildung",
        0.5465864365606353
      ],
      [
        "sicherheit",
        0.5407173694949103
      ],
      [
        "rechte",
        0.5379468957255227
      ],
      [
        "freiheit",
        0.5266258454506206
      ],
      [
        "familie",
        0.5109383018163827
      ]
    ],
    "ecological": [
      [
        "mobilität",
        0.56771302315677
      ],
      [
        "emissionen",
        0.5609494448026805
      ],
      [
        "energie",
        0.5462153674179822
      ],
      [
        "nachhaltigkeit",
        0.5442887652267763
      ],
      [
        "landwirtschaft",
        0.5345897592134236
      ]
    ],
    "governance": [
      [
        "transparenz",
        0.5653274578216785
      ],
      [
        "bürokratie",
        0.5341027699642528
      ],
      [
        "föderalismus",
        0.5317604489794746
      ],
      [
        "regierung",
        0.506963204895532
      ],
      [
        "gesetz",
        0.5053964727759023
      ]
    ]
  }
}